{
  "evaluation_time": "2026-06-11 22:30:35",
  "model_path": "D:\\学习\\大三下\\伦理\\model\\final_model",
  "dataset": {
    "total_samples": 596,
    "normal_samples": 298,
    "poison_samples": 298,
    "poison_ratio": 0.5
  },
  "confusion_matrix": {
    "tn": 292,
    "fp": 6,
    "fn": 36,
    "tp": 262
  },
  "overall_metrics": {
    "accuracy": 0.9295302013422819,
    "f1_macro": 0.9293512006231726,
    "f1_weighted": 0.9293512006231724,
    "precision_macro": 0.9339279213687659,
    "recall_macro": 0.9295302013422819,
    "precision_weighted": 0.9339279213687659,
    "recall_weighted": 0.9295302013422819
  },
  "per_class_metrics": {
    "normal": {
      "precision": 0.8902439024390244,
      "recall": 0.9798657718120806,
      "f1": 0.9329073482428115
    },
    "poison": {
      "precision": 0.9776119402985075,
      "recall": 0.8791946308724832,
      "f1": 0.9257950530035336,
      "detection_rate": 0.8791946308724832,
      "missed_count": 36,
      "false_alarm_count": 6
    }
  }
}